<?xml version="1.0" encoding="UTF-8"?>
<!DOCTYPE suite SYSTEM "https://testng.org/testng-1.0.dtd">
<suite name="Suite" thread-count="5" parallel="tests" >
  <test  name="English - Test">
  <parameter name="language" value="English"></parameter>
    <classes>
      <class name="testcase.LoginLogout"/>
    </classes>
  </test> <!-- Test -->
    <test name="French - Test">
    <!-- To Run it for two different Languages -->
  <parameter name="language" value="French"></parameter>
    <classes>
      <class name="testcase.LoginLogout"/>
    </classes>
  </test> <!-- Test -->
</suite> <!-- Suite -->
