<?xml version="1.0" encoding="UTF-8"?>
<!DOCTYPE suite SYSTEM "https://testng.org/testng-1.0.dtd">
<!-- 

Classroom:
==========
Implement crossbrowser testing in POM to execute the scripts in chrome & firefox browsers

 -->
<suite name="Suite" thread-count="5" parallel="tests">

  <test  name="Chrome - Test">
  <parameter name="browser" value="chrome"></parameter>
  <parameter name="language" value="English"></parameter>
    <classes>
      <class name="testcase.LoginLogout"/>
    </classes>
  </test> <!-- Test -->
  
    <test  name="FireFox - Test">
  <parameter name="browser" value="Firefox"></parameter>
  <parameter name="language" value="French"></parameter>
    <classes>
      <class name="testcase.LoginLogout"/>
    </classes>
  </test> <!-- Test -->
  
 <test  name="Chrome - French - Test">
  <parameter name="browser" value="chrome"></parameter>
  <parameter name="language" value="French"></parameter>
    <classes>
      <class name="testcase.LoginLogout"/>
    </classes>
  </test> <!-- Test -->
  
   <test  name="Edge - Test">
  <parameter name="browser" value="Edge"></parameter>
  <parameter name="language" value="English"></parameter>
    <classes>
      <class name="testcase.LoginLogout"/>
    </classes>
  </test> <!-- Test -->
  
  
</suite> <!-- Suite -->
